Filename,Original Size,Compressed Size,Compression Ratio,Time (s),i,j,2,s,m,',M,0,n,c,g,I,f,5,P,x,k,\n,w,1,t,r,u,v,D,.,p,L,",",SPACE,a,A,l,h,d,F,o,e,3,6,K,y,9,b
sample/sample1.txt,23,12,47.8261,0.000765,,8.695652,13.043478,8.695652,,,,,,,,,8.695652,,,,,,,8.695652,,,,,4.347826,,,,,8.695652,8.695652,,4.347826,,13.043478,4.347826,,,4.347826,,4.347826,,,
sample/sample2.txt,6916,3838,44.5055,0.005902,5.552342,,,6.766917,3.123193,0.173511,0.173511,0.520532,6.593407,1.735107,1.908618,1.041064,1.041064,0.173511,0.173511,0.347021,1.214575,0.578369,1.041064,0.347021,7.46096,4.164257,2.949682,0.867553,,0.694043,3.123193,0.694043,0.694043,15.615963,4.8583,0.173511,2.949682,2.42915,2.776171,,4.337767,10.237131,,0.173511,,2.255639,0.173511,0.867553
sample/sample3.txt,38038,21100,44.5292,0.028535,5.552342,,,6.766917,3.123193,0.173511,0.173511,0.520532,6.593407,1.735107,1.908618,1.041064,1.041064,0.173511,0.173511,0.347021,1.214575,0.578369,1.041064,0.347021,7.46096,4.164257,2.949682,0.867553,,0.694043,3.123193,0.694043,0.694043,15.615963,4.8583,0.173511,2.949682,2.42915,2.776171,,4.337767,10.237131,,0.173511,,2.255639,0.173511,0.867553
